Wall time,Step,Value
1752750015.3180447,3500,-13.169305801391602
1752750038.692318,14000,-14.134437561035156
1752750046.6677198,17500,-17.766319274902344
1752750092.7934158,38500,0.4811333417892456
1752750100.3581839,42000,-6.616209030151367
1752750122.3129694,52500,10.824518203735352
1752750128.9379363,56000,6.983386993408203
1752750151.296438,66500,140.86119079589844
1752750159.1403754,70000,32.60883712768555
1752750165.58328,73500,43.77128601074219
1752750180.5010545,80500,70.34571838378906
1752750188.2121084,84000,187.3101806640625
1752750210.6383178,94500,319.5499267578125
1752750217.3600295,98000,311.3301696777344
1752750258.9885354,119000,408.7591552734375
1752750281.1739824,129500,438.0014343261719
1752750288.0855172,133000,1319.97216796875
1752750295.5237687,136500,375.32037353515625
1752750303.4582398,140000,540.6092529296875
1752750309.900532,143500,499.1632995605469
1752750361.4646745,168000,162.25794982910156
1752750369.4250932,171500,196.80189514160156
1752750376.7130628,175000,774.326904296875
1752750393.0075302,182000,351.4912414550781
1752750400.8259225,185500,236.6752166748047
1752750414.77493,192500,129.40750122070312
1752750438.2568297,203000,267.2359619140625
1752750458.8310935,213500,201.13259887695312
1752750464.4364047,217000,455.4075622558594
1752750472.554105,220500,664.9014892578125
1752750479.2903209,224000,282.4810485839844
1752750493.217814,231000,413.6974182128906
1752750500.133404,234500,366.77044677734375
1752750507.1334794,238000,126.28166198730469
1752750515.0736086,241500,213.4258270263672
1752750529.8599844,248500,295.24468994140625
1752750535.6629393,252000,200.2339324951172
1752750578.4011562,273000,105.15325164794922
1752750592.7809598,280000,104.84288024902344
1752750599.010256,283500,109.56864929199219
1752750612.7369974,290500,120.77839660644531
1752750620.1215336,294000,106.92178344726562
1752750634.7419295,301000,127.84664154052734
1752750663.8948576,315000,110.21476745605469
1752750670.8224208,318500,118.14002227783203
1752750708.4680076,336000,131.37777709960938
1752750733.1260414,350000,123.04841613769531
1752750739.6862636,353500,126.51795959472656
1752750757.2718756,364000,117.62042236328125
1752750776.6160011,374500,135.82437133789062
1752750782.034275,378000,126.62638854980469
1752750793.9664042,385000,129.5327911376953
1752750824.849918,402500,133.6700439453125
1752750836.0822592,409500,131.11849975585938
1752750868.0198345,427000,144.59429931640625
1752750891.5819652,441000,158.74972534179688
1752750898.225448,444500,166.8865203857422
1752750910.2670803,451500,167.3349609375
1752750922.560807,458500,176.4778594970703
1752750929.4010153,462000,179.04556274414062
1752750935.020539,465500,183.949462890625
1752750961.6353517,479500,206.23086547851562
1752750968.0782661,483000,195.9356689453125
1752751009.910401,504000,297.0240783691406
1752751015.7343802,507500,266.7267150878906
1752751029.3963761,514500,270.2808532714844
1752751035.627029,518000,288.3363037109375
1752751057.5529578,528500,292.895263671875
1752751104.0895355,553000,320.8030090332031
1752751115.6985219,560000,339.27264404296875
1752751121.5035896,563500,364.2951965332031
1752751134.99122,570500,338.3089599609375
1752751148.903001,577500,390.9798278808594
1752751161.8759854,584500,429.7244873046875
1752751186.6968517,598500,398.8412780761719
1752751192.9083025,602000,427.61761474609375
1752751198.9976118,605500,371.6805725097656
1752751219.131979,616000,377.07586669921875
1752751225.466545,619500,383.427978515625
1752751232.9530926,623000,401.6816101074219
1752751238.1772943,626500,361.2861328125
1752751252.9729311,633500,376.1549987792969
1752751259.3112235,637000,355.2698974609375
1752751279.3498375,647500,386.155029296875
1752751286.7133281,651000,380.3716125488281
1752751292.2457635,654500,406.6923522949219
1752751312.064727,665000,368.71856689453125
1752751318.0761168,668500,391.2060852050781
1752751324.3630106,672000,367.2673645019531
1752751329.5591545,675500,503.4001159667969
1752751348.1911411,686000,453.0008850097656
1752751374.1969807,700000,446.7622375488281
1752751380.3603644,703500,416.0707702636719
1752751394.0489705,710500,409.67132568359375
1752751399.9801838,714000,484.5187072753906
1752751406.5686994,717500,483.4250183105469
1752751414.1871822,721000,486.0541687011719
1752751428.3856559,728000,484.3522033691406
1752751440.9260612,735000,500.4502258300781
1752751457.3209572,742000,530.3817749023438
1752751468.813559,749000,534.2627563476562
1752751481.771314,756000,583.6874389648438
1752751487.6770437,759500,556.9005126953125
1752751501.6756725,766500,589.7079467773438
1752751509.6513708,770000,671.0939331054688
1752751516.2061753,773500,590.7492065429688
1752751523.2701294,777000,626.5518798828125
1752751529.3767407,780500,629.8897094726562
1752751543.0609448,787500,612.7455444335938
1752751549.5750358,791000,541.1380004882812
1752751576.3360376,805000,618.3497924804688
1752751615.263495,826000,528.67822265625
1752751628.9500592,833000,564.1617431640625
1752751636.6487732,836500,467.3887023925781
1752751644.6664886,840000,515.2723388671875
1752751658.914803,847000,500.2729797363281
1752751666.8645797,850500,490.6296081542969
1752751680.523785,857500,484.3253173828125
1752751687.5186222,861000,497.3966979980469
1752751695.3565595,864500,511.219970703125
1752751702.667554,868000,490.5056457519531
1752751740.8328407,885500,423.82147216796875
1752751749.5780869,889000,516.5219116210938
1752751757.4280236,892500,456.4741516113281
1752751779.0073109,903000,516.6853637695312
1752751786.4234579,906500,495.0409240722656
1752751793.859364,910000,486.767822265625
1752751800.5842876,913500,513.8651733398438
1752751815.8741398,920500,536.523681640625
1752751869.8065555,948500,516.1117553710938
1752751876.8796387,952000,501.2007141113281
1752751896.311304,962500,602.9050903320312
1752751903.2382321,966000,633.9256591796875
1752751909.849706,969500,560.3640747070312
1752751925.2589974,976500,607.1815185546875
1752751937.5102224,983500,592.0689697265625
1752751952.3370624,990500,604.3936157226562
1752751958.3927379,994000,615.0950317382812
1752751974.0809052,1001000,642.3584594726562
1752751988.3756907,1008000,608.3073120117188
1752751995.184497,1011500,653.667236328125
1752752009.116475,1018500,652.5594482421875
1752752041.897127,1036000,856.6912841796875
1752752047.6416395,1039500,797.4822998046875
1752752055.623179,1043000,772.5185546875
1752752062.952423,1046500,686.4053955078125
1752752103.115712,1067500,769.21337890625
1752752115.2532253,1074500,707.6180419921875
1752752128.8997152,1081500,703.6957397460938
1752752134.9137707,1085000,662.7242431640625
1752752155.9195566,1095500,681.1943359375
1752752161.8872917,1099000,654.2406005859375
1752752182.340945,1109500,562.2425537109375
1752752196.1746697,1116500,545.0797119140625
1752752203.3329089,1120000,585.7041625976562
1752752223.3107061,1130500,613.8828735351562
1752752237.5690036,1137500,669.8754272460938
1752752273.191501,1155000,767.8098754882812
1752752279.982888,1158500,716.9332275390625
1752752287.054651,1162000,789.3960571289062
1752752294.671526,1165500,807.6650390625
1752752329.5483615,1183000,819.5655517578125
1752752336.2260597,1186500,759.7689819335938
1752752349.3126037,1193500,734.9569091796875
1752752365.8641813,1204000,761.709716796875
1752752373.1269333,1207500,811.1882934570312
1752752380.2828045,1211000,841.5845336914062
1752752387.2532785,1214500,751.8134765625
1752752401.8532443,1221500,842.7481079101562
1752752415.211333,1228500,857.2727661132812
1752752428.4675903,1235500,1005.0338745117188
1752752434.9597714,1239000,898.2430419921875
1752752442.5413167,1242500,936.6094970703125
1752752469.824812,1256500,976.1593017578125
1752752484.6371994,1263500,945.1184692382812
1752752498.9735918,1270500,903.4901123046875
1752752505.5514433,1274000,994.0296630859375
1752752512.945708,1277500,885.2329711914062
1752752520.0893068,1281000,892.3892822265625
1752752526.8203366,1284500,1074.722412109375
1752752532.4923625,1288000,969.6469116210938
1752752539.295092,1291500,971.7664184570312
1752752578.1594958,1312500,1096.46484375
1752752599.639501,1323000,1163.120361328125
1752752605.6609504,1326500,1158.48193359375
1752752653.6772568,1351000,1161.02734375
1752752659.528481,1354500,1224.207275390625
1752752688.1355157,1368500,1222.524658203125
1752752694.2456124,1372000,1280.8985595703125
1752752700.204501,1375500,1148.1324462890625
1752752707.0797634,1379000,1083.4288330078125
1752752713.7339973,1382500,1271.8468017578125
1752752720.450088,1386000,1283.795166015625
1752752725.6473322,1389500,1128.2286376953125
1752752733.1713912,1393000,1116.256103515625
1752752739.2866535,1396500,1084.2225341796875
1752752746.2017245,1400000,1238.686767578125
1752752758.7133062,1407000,1129.9503173828125
1752752765.6820154,1410500,1170.0283203125
1752752779.441281,1417500,1164.1812744140625
1752752806.6232,1431500,1180.1376953125
1752752813.8091006,1435000,1082.2586669921875
1752752833.299915,1445500,1131.519775390625
1752752839.4911637,1449000,1142.6680908203125
1752752845.22287,1452500,1173.60498046875
1752752851.955571,1456000,1270.34716796875
1752752871.6197522,1466500,1251.069580078125
1752752890.194163,1477000,1281.63037109375
1752752898.0094192,1480500,1402.3988037109375
1752752918.5338724,1491000,1213.78515625
1752752924.2905993,1494500,1298.1961669921875
1752752951.1123857,1508500,1238.0594482421875
1752752959.180315,1512000,1423.451171875
1752752978.8591485,1522500,1396.2647705078125
1752752986.1483846,1526000,1380.6138916015625
1752752992.5662894,1529500,1401.5208740234375
1752752999.42669,1533000,1460.336181640625
1752753006.1456053,1536500,1246.3638916015625
1752753014.2883458,1540000,1342.1051025390625
1752753019.923946,1543500,1227.177001953125
1752753027.4638703,1547000,1184.933837890625
1752753041.7620878,1554000,1386.228759765625
1752753049.1447978,1557500,1343.3536376953125
1752753055.0460153,1561000,1510.833251953125
1752753062.1066198,1564500,1788.11181640625
1752753085.5720277,1578500,1379.0469970703125
1752753092.7245574,1582000,1485.74658203125
1752753098.8366861,1585500,1500.19970703125
1752753106.1806304,1589000,1184.2330322265625
1752753112.364731,1592500,1464.9556884765625
1752753125.8081253,1599500,1493.2554931640625
1752753141.2232409,1606500,1575.9757080078125
1752753156.550182,1613500,1772.3927001953125
1752753166.0537784,1617000,1547.1953125
1752753194.2972553,1627500,1806.8466796875
1752753202.516792,1631000,1614.00146484375
1752753212.2143776,1634500,1720.2767333984375
1752753229.3671076,1641500,1655.35546875
1752753244.8632276,1648500,2256.501220703125
1752753275.3839028,1662500,1918.8773193359375
1752753284.0388157,1666000,2237.902587890625
1752753310.6981018,1676500,1840.9039306640625
1752753319.8117764,1680000,1714.299560546875
1752753328.1044457,1683500,2255.19677734375
1752753335.6380138,1687000,2251.71484375
1752753345.945219,1690500,2008.814208984375
1752753355.0805106,1694000,2585.79296875
1752753363.2194202,1697500,2379.03662109375
1752753382.1258986,1704500,1902.738037109375
1752753390.4653335,1708000,2647.555908203125
1752753398.9353797,1711500,2047.051025390625
1752753407.228467,1715000,2017.7216796875
1752753423.9166446,1722000,2230.25634765625
1752753449.6556659,1732500,2326.587158203125
1752753482.6096208,1746500,2427.585693359375
1752753502.4971492,1757000,2618.7900390625
1752753508.0308669,1760500,2545.22412109375
1752753512.700259,1764000,2332.720947265625
1752753532.2251992,1774500,2113.177001953125
1752753546.7417324,1781500,2284.39599609375
1752753552.2021859,1785000,2084.351806640625
1752753557.882068,1788500,1845.375732421875
1752753565.5685585,1792000,2368.229248046875
1752753572.5296197,1795500,2060.61279296875
1752753577.1965652,1799000,1706.95166015625
1752753585.2309325,1802500,2047.0426025390625
1752753614.419633,1813000,1605.6148681640625
1752753623.0224679,1816500,1805.678466796875
1752753631.9287155,1820000,1704.3150634765625
1752753642.6594453,1823500,1541.0150146484375
1752753669.7950838,1834000,1862.6016845703125
1752753729.5978518,1858500,1666.0166015625
1752753749.4811537,1869000,1922.2218017578125
1752753760.134299,1872500,1706.1500244140625
1752753776.2303243,1879500,1648.512939453125
1752753782.882647,1883000,1674.2374267578125
1752753791.751669,1886500,1867.310546875
1752753801.178369,1890000,2201.66015625
1752753808.4084318,1893500,1632.787109375
1752753827.3403668,1900500,1829.34423828125
1752753833.2571692,1904000,1888.6934814453125
1752753840.0284903,1907500,1756.6368408203125
1752753853.8156283,1914500,2109.583251953125
1752753861.0704658,1918000,2211.618408203125
1752753883.5862935,1928500,2340.0048828125
1752753898.829129,1935500,2179.877685546875
1752753912.2520714,1942500,2526.5703125
1752753919.2206085,1946000,2153.834228515625
1752753927.1827142,1949500,2016.2047119140625
1752753967.66349,1970500,2360.167724609375
1752753972.6572394,1974000,2330.771240234375
1752753977.7371967,1977500,2228.63037109375
1752754005.5456243,1991500,2697.370849609375
1752754029.7305257,2002000,2481.159912109375
1752754047.7116024,2009000,2353.18896484375
1752754074.0760539,2019500,2729.78076171875
1752754114.2457504,2033500,2978.242431640625
1752754149.394693,2047500,2639.262939453125
1752754160.5633483,2051000,2527.807373046875
1752754170.8827813,2054500,2681.117919921875
1752754188.0513055,2061500,2585.77978515625
1752754204.049953,2068500,2532.90869140625
1752754212.6372178,2072000,2634.480712890625
1752754218.7465746,2075500,2813.26611328125
1752754229.4152257,2082500,2660.0009765625
1752754249.3920834,2089500,2401.88818359375
1752754258.37704,2093000,2649.12255859375
1752754268.6519501,2096500,2746.4697265625
1752754278.9806886,2100000,3053.131103515625
1752754298.1843271,2107000,3019.55078125
1752754306.4346368,2110500,3109.96826171875
1752754314.554659,2114000,2993.11279296875
1752754334.3338382,2121000,2790.577392578125
1752754363.2157245,2131500,3184.62451171875
1752754381.2621145,2138500,3031.713134765625
1752754412.7313378,2149000,3184.326416015625
1752754423.8381634,2152500,3269.91357421875
1752754439.5260692,2159500,3477.8046875
1752754452.0058484,2166500,3501.218505859375
1752754464.6297886,2173500,3669.9033203125
1752754476.8433976,2180500,3742.6396484375
1752754483.1422765,2184000,3025.697509765625
1752754501.1810157,2194500,3503.14599609375
1752754513.9588509,2201500,3212.01416015625
1752754519.7944245,2205000,3919.271240234375
1752754545.4181998,2219000,3339.416748046875
1752754557.5328784,2226000,3484.399169921875
1752754569.7045987,2233000,3481.921142578125
1752754589.0923283,2243500,3209.50537109375
1752754595.2775207,2247000,2918.520751953125
1752754602.0038507,2250500,2916.01171875
1752754608.2655327,2254000,2937.2412109375
1752754614.303716,2257500,3167.363037109375
1752754620.1195958,2261000,3064.064453125
1752754647.097241,2275000,3203.28125
1752754660.5881827,2282000,3317.675537109375
1752754666.5647376,2285500,3102.50732421875
1752754673.124501,2289000,3061.062255859375
1752754679.6120286,2292500,2607.59375
1752754684.7343342,2296000,3344.712158203125
1752754705.1127007,2306500,3400.8994140625
1752754712.3779113,2310000,3238.153564453125
1752754718.4117105,2313500,3487.297119140625
1752754764.710342,2338000,3543.981689453125
1752754783.31903,2348500,3394.549560546875
1752754813.2998216,2366000,3144.302734375
1752754818.5163755,2369500,2974.641357421875
1752754826.2054648,2373000,2893.9453125
1752754847.7737432,2383500,2889.977294921875
1752754859.4169164,2390500,2988.08935546875
1752754867.0167851,2394000,3118.908935546875
1752754872.601779,2397500,2904.988525390625
1752754891.556541,2408000,3022.421142578125
1752754923.0648017,2425500,3175.079833984375
1752754937.9059696,2432500,3323.994384765625
1752754944.4935303,2436000,3558.826171875
1752754950.1796265,2439500,3536.857421875
1752754955.8142974,2443000,3364.685791015625
1752754969.750262,2450000,3501.32470703125
1752754986.443022,2460500,3090.066162109375
1752754993.099015,2464000,3599.908203125
1752755006.101811,2471000,4042.24072265625
1752755032.8829665,2485000,3490.50830078125
1752755040.193322,2488500,3484.918212890625
1752755052.477717,2495500,3569.25048828125
1752755071.953716,2506000,3239.197265625
1752755086.3741708,2513000,3403.62255859375
1752755100.5469596,2520000,3311.6376953125
1752755105.9528017,2523500,3100.439208984375
1752755112.0036745,2527000,3748.162109375
1752755125.439865,2534000,3831.934814453125
1752755138.1406744,2541000,4154.8125
1752755145.5565598,2544500,3216.246337890625
1752755151.7030416,2548000,3721.975830078125
1752755158.4639106,2551500,3286.5419921875
1752755165.4802816,2555000,3313.57275390625
1752755178.869869,2562000,3781.09033203125
1752755185.957283,2565500,3516.11474609375
1752755192.8832328,2569000,3649.32958984375
1752755224.299329,2586500,3162.263671875
1752755231.068126,2590000,3690.81494140625
1752755237.6323354,2593500,3235.470947265625
1752755249.7192855,2600500,2994.488037109375
1752755255.9187686,2604000,2694.564453125
1752755262.387729,2607500,2758.63720703125
1752755269.3370872,2611000,2778.93505859375
1752755315.152979,2635500,3304.486328125
1752755332.9918299,2646000,3355.45556640625
1752755338.653685,2649500,2560.50341796875
1752755351.8942072,2656500,3339.341552734375
1752755384.7159724,2674000,3191.635986328125
1752755391.7154715,2677500,2958.528564453125
1752755399.3020165,2681000,3487.33740234375
1752755418.6338234,2691500,3307.9912109375
1752755423.5138974,2695000,2978.18505859375
1752755443.7750268,2705500,2961.677978515625
1752755449.4589655,2709000,3091.630859375
1752755463.3167412,2716000,3084.193115234375
1752755469.1687284,2719500,2805.820068359375
1752755483.4160879,2726500,3108.968505859375
1752755490.7706795,2730000,3178.65625
1752755496.2732785,2733500,2756.568603515625
1752755502.3104384,2737000,3448.11376953125
1752755508.373693,2740500,3663.206298828125
1752755547.9954324,2761500,3519.818359375
1752755555.3553073,2765000,2761.83984375
1752755568.0425916,2772000,3221.5693359375
1752755581.005999,2779000,3092.046875
1752755593.8695664,2786000,3604.02587890625
1752755600.8823588,2789500,2906.334716796875
1752755619.6989563,2800000,2787.930419921875
1752755626.025919,2803500,3424.31689453125
1752755650.2803872,2817500,4005.390625
1752755657.2280962,2821000,3066.718505859375
1752755664.517037,2824500,2954.816162109375
1752755670.4061956,2828000,2319.796630859375
1752755690.056442,2838500,2046.2373046875
1752755707.8754404,2849000,3203.480712890625
1752755740.51264,2866500,3455.47265625
1752755746.9881976,2870000,2008.635009765625
1752755760.5905979,2877000,2373.364990234375
1752755768.1200318,2880500,2506.310302734375
1752755775.4265823,2884000,1597.5501708984375
1752755790.5214362,2891000,2195.811767578125
1752755796.3301132,2894500,2148.20166015625
1752755803.8352177,2898000,2573.212158203125
1752755810.1399126,2901500,2460.09716796875
1752755836.6114552,2915500,2140.12255859375
1752755842.3988442,2919000,3163.09375
1752755856.9269872,2926000,3119.924072265625
1752755863.420588,2929500,3514.346923828125
1752755869.8664289,2933000,3018.3388671875
1752755882.975307,2940000,2460.171630859375
1752755889.7388427,2943500,2112.437255859375
1752755909.209639,2954000,2146.718017578125
1752755922.7769227,2961000,2805.137939453125
1752755954.118139,2978500,2708.58642578125
1752755960.3953052,2982000,2418.571533203125
1752755980.2149343,2992500,2572.640869140625
1752756000.7831457,3003000,2358.71044921875
1752756021.5200331,3013500,2192.554443359375
1752756035.2803116,3020500,2829.951416015625
1752756055.8285398,3031000,2468.177978515625
1752756062.9202695,3034500,2078.608154296875
1752756089.035632,3048500,2627.301513671875
1752756095.3252535,3052000,2834.1015625
1752756158.0869455,3087000,3015.08935546875
1752756169.9260764,3094000,2406.416748046875
1752756176.3752542,3097500,3130.388427734375
1752756182.015882,3101000,3104.816650390625
1752756189.044669,3104500,3174.25244140625
1752756203.6050124,3111500,2202.426025390625
1752756217.1684322,3118500,3859.68359375
1752756231.0634048,3125500,3913.765869140625
1752756250.6038418,3136000,3057.838623046875
1752756264.4184825,3143000,2757.264892578125
1752756272.063211,3146500,3448.03759765625
1752756290.926944,3157000,4753.7705078125
1752756297.44041,3160500,4411.5146484375
1752756311.8619468,3167500,2719.1943359375
1752756322.933744,3174500,3203.142578125
1752756329.7981565,3178000,3014.30322265625
1752756337.1702669,3181500,3409.37158203125
1752756349.6227102,3188500,3016.1962890625
1752756356.4676905,3192000,2858.543701171875
1752756376.2980592,3202500,2759.951416015625
1752756401.0791736,3216500,3498.590087890625
1752756407.7574177,3220000,2749.040771484375
1752756419.9750996,3227000,2228.553466796875
1752756431.652832,3234000,3936.17236328125
1752756454.464592,3248000,3089.1123046875
1752756461.8146403,3251500,4557.3056640625
1752756468.2461503,3255000,3008.483154296875
1752756474.1564896,3258500,3719.419677734375
1752756480.6405897,3262000,4366.34033203125
1752756486.7479568,3265500,3430.921630859375
1752756492.6662407,3269000,3214.400146484375
1752756505.5013545,3276000,4903.18359375
1752756528.4678686,3290000,5237.3564453125
1752756540.9464383,3297000,2806.1416015625
1752756547.386558,3300500,2897.920166015625
1752756567.016202,3311000,2913.63037109375
1752756595.2916749,3325000,2985.93359375
1752756615.555838,3335500,3004.08251953125
1752756627.9331677,3342500,3371.877685546875
1752756634.6145208,3346000,3235.93115234375
1752756641.1490188,3349500,2966.788330078125
1752756667.2652962,3363500,2917.077392578125
1752756680.4697912,3370500,3730.534423828125
1752756687.6059418,3374000,3878.5380859375
1752756693.349653,3377500,4539.56640625
1752756698.945048,3381000,3760.4111328125
1752756712.1879528,3388000,3567.917236328125
1752756719.1698577,3391500,4064.402099609375
1752756738.404689,3402000,5299.76708984375
1752756769.1999707,3419500,2774.1875
1752756783.021777,3426500,3077.102294921875
1752756789.72604,3430000,3099.803955078125
1752756800.3555892,3437000,2662.8720703125
1752756806.5915525,3440500,2880.540771484375
1752756832.5516717,3454500,2992.086181640625
1752756845.9940388,3461500,2474.93505859375
1752756852.9255786,3465000,3337.445068359375
1752756858.8210268,3468500,2846.759033203125
1752756871.6338873,3475500,2381.566650390625
1752756884.7746227,3482500,2945.50341796875
1752756890.3743057,3486000,3736.4375
1752756895.8386974,3489500,2668.565185546875
1752756907.248928,3496500,4062.98876953125
1752756913.9806495,3500000,3598.10595703125
1752756927.5933876,3507000,3638.808349609375
1752756934.841359,3510500,3194.3232421875
1752756941.2146153,3514000,3084.154052734375
1752756947.5007355,3517500,2974.9453125
1752756954.2733119,3521000,3669.080322265625
1752756959.7075992,3524500,3525.568115234375
1752756991.7769327,3542000,3474.953369140625
1752757002.477539,3549000,3213.048828125
1752757014.9616573,3556000,3852.21240234375
1752757021.0646758,3559500,4784.7880859375
1752757027.45121,3563000,3342.717529296875
1752757060.417904,3580500,3601.393310546875
1752757084.2235827,3594500,3761.323974609375
1752757095.7221806,3601500,4445.6279296875
1752757100.5687232,3605000,4249.77001953125
1752757136.9562082,3626000,3507.958251953125
1752757143.1571612,3629500,3829.1826171875
1752757150.520813,3633000,3599.23095703125
1752757156.6737218,3636500,4289.5517578125
1752757163.5725741,3640000,5233.9990234375
1752757189.082773,3654000,5078.61279296875
1752757201.989221,3661000,4973.90087890625
1752757207.1686614,3664500,4911.140625
1752757240.129865,3685500,4573.99267578125
1752757246.3918874,3689000,4057.802734375
1752757264.2844887,3699500,4931.7138671875
1752757275.7012613,3706500,5477.5771484375
1752757281.3304904,3710000,4536.48046875
1752757287.2528036,3713500,4746.21533203125
1752757301.4702501,3720500,3903.705078125
1752757317.7729573,3731000,4312.876953125
1752757324.7746398,3734500,4078.56103515625
1752757331.4197018,3738000,5239.66064453125
1752757345.2292244,3745000,5418.6943359375
1752757351.9592671,3748500,4098.54150390625
1752757359.2493968,3752000,3810.116943359375
1752757365.6663327,3755500,4613.658203125
1752757371.041609,3759000,5218.6337890625
1752757377.7065957,3762500,4682.14111328125
1752757395.9907844,3773000,4519.375
1752757400.435328,3776500,4846.708984375
1752757412.2465017,3783500,5149.720703125
1752757418.0839152,3787000,4599.7451171875
1752757424.4643505,3790500,4033.983154296875
1752757442.0218315,3801000,4788.4501953125
1752757448.4071798,3804500,4713.43408203125
1752757453.889506,3808000,3808.3427734375
1752757479.619276,3822000,4279.85546875
1752757486.6037922,3825500,4142.63330078125
1752757492.9736488,3829000,4055.4921875
1752757525.7673671,3846500,4033.84375
1752757538.158013,3853500,4016.451904296875
1752757550.159072,3860500,3855.209716796875
1752757556.6660771,3864000,4576.88720703125
1752757563.7110684,3867500,4500.32373046875
1752757582.6010635,3878000,4922.806640625
1752757588.9081495,3881500,4478.0859375
1752757594.2595527,3885000,3987.076171875
1752757600.4197156,3888500,3972.6044921875
1752757605.625008,3892000,4802.37158203125
1752757611.6808789,3895500,4910.09326171875
1752757617.9787445,3899000,5103.01318359375
1752757624.0839155,3902500,4504.25390625
1752757637.2135143,3909500,3114.700439453125
1752757655.4875927,3920000,3385.40673828125
1752757668.2151325,3927000,4501.91845703125
1752757674.675349,3930500,4374.771484375
1752757692.8303895,3941000,4914.21044921875
1752757699.8161361,3944500,5026.4541015625
1752757711.6985526,3951500,4891.80078125
1752757718.2522655,3955000,3862.735107421875
1752757724.8930352,3958500,4027.56103515625
1752757731.8661907,3962000,5223.0673828125
1752757737.8483841,3965500,4905.708984375
1752757750.1036408,3972500,3814.12255859375
1752757755.5935464,3976000,3994.614990234375
1752757763.2473507,3979500,4148.568359375
1752757782.5628521,3990000,4960.5283203125
1752757805.530534,4000500,4270.18359375
1752757824.04394,4011000,4896.5498046875
1752757831.0245261,4014500,4075.80419921875
1752757843.676128,4021500,3954.689697265625
1752757850.9478326,4025000,3949.958984375
1752757855.8055637,4028500,4584.26953125
1752757862.1716082,4032000,3999.335205078125
1752757868.7047555,4035500,4028.41064453125
1752757874.84201,4039000,3973.85302734375
1752757888.6542268,4046000,4024.733154296875
1752757921.3192186,4063500,4153.599609375
1752757934.2568383,4070500,4129.720703125
1752757946.2235522,4077500,4704.314453125
1752757958.5411973,4084500,4520.6328125
1752757964.3471086,4088000,4441.9296875
1752758001.516218,4109000,4153.91064453125
1752758009.1634636,4112500,4109.85595703125
1752758020.6010756,4119500,4112.544921875
1752758028.1818027,4123000,4207.5234375
1752758033.9110096,4126500,4445.5400390625
1752758059.7945578,4140500,4347.267578125
1752758073.141129,4147500,4276.65087890625
1752758087.1090434,4154500,4537.2685546875
1752758099.6178632,4161500,4725.66845703125
1752758105.715553,4165000,4680.63427734375
1752758111.9521728,4168500,4127.87158203125
1752758130.9589858,4179000,4991.5498046875
1752758137.3481412,4182500,4377.66650390625
1752758143.5106158,4186000,4833.74609375
1752758155.3964148,4193000,4121.0302734375
1752758160.7469518,4196500,4967.28564453125
1752758179.146477,4207000,4818.4306640625
1752758185.7948647,4210500,4614.1904296875
1752758205.126591,4221000,5081.25244140625
1752758210.9389236,4224500,4998.880859375
1752758216.1925037,4228000,5196.27734375
1752758229.4033346,4235000,5279.47900390625
1752758252.0129707,4249000,4284.52294921875
1752758257.4538846,4252500,5276.22216796875
1752758263.8337114,4256000,4356.8388671875
1752758275.4757292,4263000,4988.8564453125
1752758281.3116832,4266500,5454.14013671875
1752758311.845474,4284000,4239.435546875
1752758324.957317,4291000,5039.98291015625
1752758344.6403863,4301500,5050.40625
1752758350.367171,4305000,4853.63427734375
1752758368.7047853,4315500,5023.919921875
1752758373.6685236,4319000,5361.0859375
1752758402.259174,4336500,5297.1904296875
1752758415.4763448,4343500,4762.6083984375
1752758420.2499683,4347000,5282.12939453125
1752758426.0058706,4350500,5219.84619140625
1752758430.434988,4354000,5309.58154296875
1752758435.741106,4357500,5037.25537109375
1752758441.8200705,4361000,4949.39306640625
1752758447.999952,4364500,5113.64697265625
1752758466.9523394,4375000,4937.0751953125
1752758472.905379,4378500,5418.81201171875
1752758478.5306594,4382000,5423.7626953125
1752758484.574853,4385500,5531.7431640625
1752758496.7109876,4392500,4969.8212890625
1752758507.3369482,4399500,5379.685546875
1752758513.3989954,4403000,4286.4833984375
1752758532.6664762,4413500,5276.86865234375
1752758539.141778,4417000,5465.71240234375
1752758554.5121803,4427500,5433.12744140625
1752758572.2506747,4438000,5587.99951171875
1752758596.4037623,4452000,3997.784423828125
1752758626.978448,4469500,6177.326171875
1752758633.9798028,4473000,5574.55908203125
1752758638.9224975,4476500,6513.6201171875
1752758666.6070323,4490500,4107.6640625
1752758684.89483,4501000,6064.173828125
1752758714.672156,4518500,4784.0439453125
1752758734.5612764,4529000,4057.09326171875
1752758754.536403,4539500,5133.9912109375
1752758767.428365,4546500,4430.9921875
1752758774.3936808,4550000,4125.9609375
1752758791.259865,4560500,4467.62548828125
1752758815.9364579,4574500,4599.81396484375
1752758840.3427315,4588500,4919.8203125
1752758865.164954,4602500,4593.71533203125
1752758870.4165835,4606000,6092.43798828125
1752758902.1351562,4623500,3796.947265625
1752758914.8187206,4630500,5667.7607421875
1752758919.0029912,4634000,5768.0166015625
1752758928.8861382,4641000,4374.64501953125
1752758935.170786,4644500,5337.5986328125
1752758946.970721,4651500,5307.4560546875
1752758986.4222255,4676000,6399.59912109375
1752759042.572494,4707500,5947.6044921875
1752759047.9374511,4711000,6276.41650390625
1752759057.6425579,4718000,5296.64892578125
1752759065.2063823,4721500,5950.71484375
1752759083.1535165,4732000,7663.91357421875
1752759087.0845258,4735500,4961.28515625
1752759101.3723876,4742500,3948.989013671875
1752759125.4694169,4756500,6423.4267578125
1752759136.26226,4763500,6278.21484375
1752759157.907846,4777500,5158.8525390625
1752759162.7855396,4781000,6052.23193359375
1752759167.8880503,4784500,5577.18115234375
1752759171.922523,4788000,6595.07861328125
1752759176.3671114,4791500,5290.6240234375
1752759198.765857,4805500,5494.61474609375
1752759203.9314013,4809000,5543.51611328125
1752759215.069936,4816000,5693.22119140625
1752759220.4572053,4819500,6214.412109375
1752759240.647168,4833500,5688.564453125
1752759266.8060184,4851000,5913.08740234375
1752759272.4565666,4854500,5692.46875
1752759290.9693146,4868500,5490.6123046875
1752759308.7312346,4879000,5962.00634765625
1752759327.4691758,4889500,5390.69873046875
1752759333.6506207,4893000,5534.18994140625
1752759343.6383479,4900000,5749.765625
1752759349.2319798,4903500,5961.2392578125
1752759367.1427305,4914000,5779.38671875
1752759380.4884753,4921000,6447.99853515625
1752759431.4944293,4949000,5874.7744140625
1752759448.48914,4959500,6441.19775390625
1752759455.1016102,4963000,6514.59423828125
1752759465.6845274,4970000,6697.55712890625
1752759475.9849348,4977000,6146.9013671875
1752759482.3563938,4980500,5780.0068359375
1752759539.6573565,5012000,5960.43115234375
1752759545.037219,5015500,5635.47900390625
1752759567.972813,5029500,5691.28369140625
1752759579.328892,5036500,6756.14990234375
1752759586.360544,5040000,6293.39892578125
1752759590.8646634,5043500,6271.50537109375
1752759596.7066665,5047000,6236.80029296875
1752759613.4863908,5057500,5939.11767578125
1752759623.6131492,5064500,6213.02587890625
1752759629.4693458,5068000,6238.0068359375
1752759635.4116504,5071500,6366.15185546875
1752759640.758388,5075000,6483.64111328125
1752759644.5943682,5078500,6676.83935546875
1752759650.183346,5082000,6142.40087890625
1752759656.5082893,5085500,6362.1875
1752759668.4337025,5092500,6125.68994140625
1752759674.2657707,5096000,5413.9423828125
1752759680.2285058,5099500,5496.04248046875
1752759685.993604,5103000,5822.4755859375
1752759691.9736888,5106500,5679.408203125
1752759698.620647,5110000,5561.970703125
1752759705.0014603,5113500,5895.1171875
1752759710.1946774,5117000,6626.33447265625
1752759720.3424077,5124000,6547.33447265625
1752759758.218685,5148500,5623.10693359375
1752759775.3219113,5159000,5933.2236328125
1752759780.9790633,5162500,6212.87255859375
1752759791.2529852,5169500,6064.556640625
1752759796.091637,5173000,6421.26611328125
1752759818.0213473,5187000,6833.12255859375
1752759823.2366629,5190500,6085.283203125
1752759828.046943,5194000,6405.6044921875
1752759848.0325243,5208000,6046.48388671875
1752759854.0934684,5211500,6325.6083984375
1752759860.42093,5215000,6856.10498046875
1752759867.3721337,5218500,6050.0146484375
1752759874.7498624,5222000,5985.4365234375
1752759886.827945,5229000,7521.96533203125
1752759893.5633638,5232500,6451.09912109375
1752759915.3079877,5246500,6190.75390625
1752759921.1191115,5250000,6264.4248046875
1752759927.0570738,5253500,6268.89599609375
1752759938.33209,5260500,7011.7666015625
1752759954.7290337,5271000,5526.9931640625
1752759977.073519,5285000,7048.9267578125
1752759982.3688154,5288500,6784.63232421875
1752759986.7278037,5292000,6599.7109375
1752759995.3166215,5299000,6546.099609375
1752760006.939877,5306000,5776.595703125
1752760012.2267892,5309500,6217.31005859375
1752760051.67577,5334000,6106.56640625
1752760068.382533,5344500,6768.05322265625
1752760078.2548604,5351500,6429.07470703125
1752760112.5233946,5372500,5907.37255859375
1752760129.8977044,5383000,8906.873046875
1752760135.6014733,5386500,6700.0458984375
1752760151.4839761,5397000,6385.32666015625
1752760171.0166178,5411000,6799.67236328125
1752760181.0025933,5418000,6880.48974609375
1752760185.1280303,5421500,6414.84130859375
1752760201.1826956,5432000,6254.3671875
1752760205.4997227,5435500,6403.455078125
1752760209.5945868,5439000,7082.58447265625
1752760220.7762434,5446000,7512.443359375
1752760229.733559,5453000,9140.9150390625
1752760254.3928185,5470500,9001.94921875
1752760262.7214575,5477500,9413.2724609375
1752760268.6735544,5481000,8753.0078125
1752760273.1065273,5484500,7895.21923828125
1752760282.5083754,5491500,6777.09716796875
1752760289.6235998,5498500,8118.56884765625
1752760295.6088288,5502000,6706.5498046875
1752760300.5081775,5505500,7949.66015625
1752760304.8009286,5509000,6443.91455078125
1752760318.3297849,5519500,7141.54052734375
1752760327.8646703,5526500,8004.9501953125
1752760333.1735444,5530000,7894.3671875
1752760337.8345091,5533500,7261.68017578125
1752760342.751485,5537000,6626.1728515625
1752760347.783705,5540500,7374.0439453125
1752760363.0995293,5551000,7223.16357421875
1752760386.8034546,5568500,6742.8359375
1752760409.378322,5586000,7968.1982421875
1752760413.6028876,5589500,8830.9443359375
1752760417.864868,5593000,10118.2041015625
1752760432.7181306,5607000,9075.4697265625
1752760436.3044555,5610500,7921.03125
1752760440.9305563,5614000,8999.24609375
1752760468.7580543,5638500,9693.1748046875
1752760473.2321002,5642000,7093.578125
1752760481.5094695,5649000,9721.1787109375
1752760486.1133661,5652500,7871.64794921875
1752760494.7049766,5659500,7048.93505859375
1752760515.5826576,5673500,6376.765625
1752760525.1184719,5680500,6980.82373046875
1752760533.8934774,5687500,8199.7822265625
1752760543.4274192,5694500,7179.1025390625
1752760548.1530013,5698000,8709.9326171875
1752760568.5268865,5712000,7389.3671875
1752760591.9972687,5726000,8189.2197265625
1752760597.0496395,5729500,7462.66162109375
1752760603.2733245,5733000,7845.322265625
1752760607.7514644,5736500,7803.6728515625
1752760619.6388545,5743500,9935.404296875
1752760623.8199933,5747000,8107.5546875
1752760648.5516987,5764500,8241.98828125
1752760652.7774959,5768000,7736.43896484375
1752760663.17043,5775000,9460.7236328125
1752760673.1872504,5782000,7134.40673828125
1752760677.1598332,5785500,7898.9716796875
1752760681.7695653,5789000,7387.10791015625
1752760686.9298913,5792500,9710.7041015625
1752760694.1635838,5799500,8850.1611328125
1752760701.865671,5806500,7700.88671875
1752760720.944409,5820500,7431.0009765625
1752760729.791965,5827500,10897.0810546875
1752760737.3980365,5834500,8743.6806640625
1752760753.6481414,5845000,8641.0234375
1752760759.1835968,5848500,9394.5419921875
1752760778.839944,5862500,6134.8525390625
1752760796.1084135,5873000,6111.8203125
1752760808.3978775,5880000,8391.5205078125
1752760813.8007116,5883500,7192.8466796875
1752760818.6772287,5887000,8418.2744140625
1752760824.7055404,5890500,7711.7216796875
1752760840.6682818,5901000,9213.0927734375
1752760844.2184384,5904500,8358.408203125
1752760849.6956947,5908000,6320.6923828125
1752760855.9780095,5911500,7839.3779296875
1752760863.2599375,5915000,5463.06787109375
1752760867.918803,5918500,7635.08984375
1752760887.6076143,5929000,7882.23583984375
1752760892.6407673,5932500,7532.42236328125
1752760896.4004102,5936000,7816.92529296875
1752760907.6791234,5943000,10077.4404296875
1752760911.2342763,5946500,8039.60888671875
1752760916.6009383,5950000,10306.53515625
1752760920.7306402,5953500,7805.84228515625
1752760929.6055734,5960500,8479.6025390625
1752760937.1491067,5967500,8596.4521484375
1752760948.5315561,5978000,7189.185546875
1752760956.4881232,5985000,8386.0302734375
1752760959.7867043,5988500,7101.64404296875
1752760964.1481185,5992000,7761.82568359375
1752760967.857635,5995500,7655.5751953125
1752760994.4974577,6016500,10138.1318359375
1752760999.3331945,6020000,8025.904296875
1752761012.9408474,6030500,7685.6669921875
1752761018.311105,6034000,7983.7939453125
1752761023.5234864,6037500,7582.0244140625
1752761029.4630575,6041000,6808.5673828125
1752761051.3137076,6058500,8704.61328125
1752761083.5252273,6086500,9067.5380859375
1752761087.6769917,6090000,10185.67578125
1752761091.665667,6093500,8655.4306640625
1752761104.00145,6104000,11929.09765625
1752761111.8342996,6111000,10900.8779296875
1752761123.5216024,6121500,7722.4384765625
1752761127.9488895,6125000,10809.4921875
1752761132.4304261,6128500,7989.091796875
1752761137.9348319,6132000,8138.3662109375
1752761146.3531547,6139000,11422.63671875
1752761150.5293462,6142500,7791.67041015625
1752761162.8912952,6153000,11555.5009765625
1752761182.70271,6170500,8787.3388671875
1752761186.1567419,6174000,7773.6103515625
1752761194.0725484,6181000,7947.248046875
1752761197.6800292,6184500,6457.076171875
1752761205.7787974,6191500,10391.9853515625
1752761233.1633089,6216000,7268.1201171875
1752761236.8738353,6219500,10831.275390625
1752761240.7394054,6223000,11257.7822265625
1752761252.99344,6233500,7617.474609375
1752761256.842649,6237000,7731.27587890625
1752761268.5541754,6247500,7765.1669921875
1752761273.6572704,6251000,8398.751953125
1752761277.7845654,6254500,8434.3642578125
1752761281.824428,6258000,7470.5498046875
1752761290.268994,6265000,8843.119140625
1752761294.640161,6268500,7759.78173828125
1752761302.5636816,6275500,9094.861328125
1752761311.6495326,6282500,11336.4521484375
1752761319.102875,6289500,9332.2294921875
1752761323.6259487,6293000,7885.41943359375
1752761336.4081247,6303500,9786.607421875
1752761344.250244,6310500,8638.2724609375
1752761347.864832,6314000,10341.3310546875
1752761352.2245305,6317500,9800.48046875
1752761369.675239,6331500,8800.5615234375
1752761378.05863,6338500,10394.4658203125
1752761397.2860398,6352500,9739.6630859375
1752761407.4841924,6359500,9095.6943359375
1752761419.1834404,6366500,8036.55712890625
1752761424.209689,6370000,9877.4228515625
1752761441.8135178,6384000,8249.255859375
1752761455.2437904,6394500,8702.5986328125
1752761458.7386591,6398000,10698.25
1752761466.7693448,6405000,7338.95703125
1752761470.2341952,6408500,10517.9140625
1752761479.5186956,6415500,10814.3369140625
1752761483.3725328,6419000,8936.955078125
1752761488.451208,6422500,9262.3203125
1752761496.5654078,6429500,10596.10546875
1752761503.2227464,6433000,9546.068359375
1752761507.3318844,6436500,9421.10546875
1752761534.637683,6457500,11657.0458984375
1752761538.6720421,6461000,9003.673828125
1752761543.0310807,6464500,9460.283203125
1752761547.3386266,6468000,8619.498046875
1752761551.7778728,6471500,10981.099609375
1752761566.6160302,6482000,7036.26318359375
1752761575.735162,6489000,11473.5380859375
1752761590.0063655,6499500,11230.1806640625
1752761607.0601308,6513500,11152.6865234375
1752761621.034127,6527500,10714.46484375
1752761625.0141854,6531000,6696.11962890625
1752761628.6292017,6534500,10875.005859375
1752761632.6748967,6538000,11170.47265625
1752761651.8248765,6552000,10655.833984375
1752761655.947888,6555500,10610.5205078125
1752761660.276719,6559000,9156.2880859375
1752761665.2249844,6562500,7023.04541015625
1752761670.134611,6566000,9930.9892578125
1752761679.0128264,6573000,10081.2099609375
1752761686.8480012,6580000,10642.095703125
1752761690.8225064,6583500,9546.2392578125
1752761706.5145283,6594000,9558.935546875
1752761709.807972,6597500,11295.91015625
1752761718.5566952,6604500,11568.068359375
1752761726.5229518,6611500,10210.4013671875
1752761734.6265366,6618500,10344.85546875
1752761739.1831799,6622000,9235.8203125
1752761754.254709,6636000,11645.8203125
1752761771.541152,6650000,9112.73828125
1752761780.491337,6657000,9054.96484375
1752761784.5827856,6660500,9601.2109375
1752761799.6726477,6674500,11546.0390625
1752761807.8652415,6681500,9185.763671875
1752761811.7580695,6685000,10621.359375
1752761815.781077,6688500,9664.3984375
1752761829.9658453,6699000,10253.5859375
1752761843.9790654,6709500,10096.646484375
1752761851.7147026,6716500,10115.00390625
1752761878.083186,6737500,7454.60302734375
1752761883.3605995,6741000,11220.40625
1752761888.8534975,6744500,10037.046875
1752761897.4558258,6751500,10346.3759765625
1752761903.3560746,6755000,7595.4453125
1752761921.9324524,6765500,7678.8330078125
1752761936.1843257,6776000,11108.130859375
1752761942.0727942,6779500,6723.0546875
1752761955.8975098,6790000,8979.3564453125
1752761960.7257478,6793500,9868.388671875
1752761966.6684074,6797000,9530.4970703125
1752761972.243925,6800500,9272.390625
1752761987.833583,6811000,8832.904296875
1752761997.1327653,6818000,10155.3564453125
1752762010.4460127,6828500,8536.5859375
1752762014.5832145,6832000,11170.890625
1752762022.5489278,6839000,10917.5859375
1752762038.868446,6849500,8443.9501953125
1752762060.6230319,6863500,10709.388671875
1752762067.001652,6867000,10406.8251953125
1752762073.4014664,6870500,11633.263671875
1752762077.3786635,6874000,7604.05615234375
1752762082.4592955,6877500,7836.55517578125
1752762091.5369039,6884500,8662.1796875
1752762095.5999284,6888000,10618.251953125
1752762101.7745388,6891500,10569.27734375
1752762105.6734838,6895000,8148.88134765625
1752762133.3216698,6916000,7920.60986328125
1752762142.7121127,6923000,7901.97021484375
1752762146.5505164,6926500,10507.15625
1752762150.8911657,6930000,10332.357421875
1752762154.3049996,6933500,6749.58837890625
1752762157.7675438,6937000,8862.0703125
1752762161.8706417,6940500,9478.314453125
1752762165.2742848,6944000,8303.2197265625
1752762173.6244135,6951000,10087.888671875
1752762183.3336596,6958000,7442.216796875
1752762188.060859,6961500,7582.279296875
1752762192.1726367,6965000,7880.2392578125
1752762203.3404393,6972000,11224.3310546875
1752762207.3171809,6975500,9371.58203125
1752762212.8952434,6979000,11122.8759765625
1752762223.3721793,6986000,6500.87353515625
1752762239.3542068,7000000,9878.4296875
